sku,image
SN-XM5,https://cdn2.cellphones.com.vn/insecure/rs:fill:0:358/q:90/plain/https://cellphones.com.vn/media/catalog/product/t/a/tai-nghe-chup-tai-sony-wh-1000xm5-4.png
SN-XM5,https://cdn2.cellphones.com.vn/insecure/rs:fill:0:358/q:90/plain/https://cellphones.com.vn/media/catalog/product/t/a/tai-nghe-chup-tai-sony-wh-1000xm5-hk_11_.png
SN-XM5,https://cdn2.cellphones.com.vn/insecure/rs:fill:0:358/q:90/plain/https://cellphones.com.vn/media/catalog/product/t/a/tai-nghe-chup-tai-sony-wh-1000xm5-2.png
SN-XM5,https://cdn2.cellphones.com.vn/insecure/rs:fill:0:358/q:90/plain/https://cellphones.com.vn/media/catalog/product/t/a/tai-nghe-chup-tai-sony-wh-1000xm5-1.png
SN-XM5,https://cdn2.cellphones.com.vn/insecure/rs:fill:0:358/q:90/plain/https://cellphones.com.vn/media/catalog/product/t/a/tai-nghe-chup-tai-sony-wh-1000xm5_1_.png
SN-XM5,https://cdn2.cellphones.com.vn/insecure/rs:fill:0:358/q:90/plain/https://cellphones.com.vn/media/catalog/product/t/a/tai-nghe-chup-tai-sony-wh-1000xm5_5_.png
JBL-F6,https://cdn2.cellphones.com.vn/358x/media/catalog/product/3/_/3_jbl_flip6_front_pink_29503_x1.jpg
JBL-F6,https://cdn2.cellphones.com.vn/insecure/rs:fill:0:358/q:90/plain/https://cellphones.com.vn/media/catalog/product/j/b/jbl_flip_6_6.png
JBL-F6,https://cdn2.cellphones.com.vn/insecure/rs:fill:0:358/q:90/plain/https://cellphones.com.vn/media/catalog/product/j/b/jbl_flip_6_5.png
JBL-F6,https://cdn2.cellphones.com.vn/insecure/rs:fill:0:358/q:90/plain/https://cellphones.com.vn/media/catalog/product/j/b/jbl_flip_6_8.png
JBL-F6,https://cdn2.cellphones.com.vn/insecure/rs:fill:0:358/q:90/plain/https://cellphones.com.vn/media/catalog/product/l/o/loa-bluetooth-jbl-6_1_.png
JBL-F6,https://cdn2.cellphones.com.vn/insecure/rs:fill:0:358/q:90/plain/https://cellphones.com.vn/media/catalog/product/l/o/loa-bluetooth-jbl-6.png
RZO-PANC,https://cdnv2.tgdd.vn/mwg-static/tgdd/Products/Images/54/344793/tai-nghe-bluetooth-true-wireless-rezo-wave-pro-anc-xanh-duong-8-638974188681341038-750x500.jpg
RZO-PANC,https://cdnv2.tgdd.vn/mwg-static/tgdd/Products/Images/54/344793/tai-nghe-bluetooth-true-wireless-rezo-wave-pro-anc-xanh-duong-13-638974188720860755-750x500.jpg
RZO-PANC,https://cdnv2.tgdd.vn/mwg-static/tgdd/Products/Images/54/344793/tai-nghe-bluetooth-true-wireless-rezo-wave-pro-anc-hong-5-638974184016718862-750x500.jpg
RZO-PANC,https://cdnv2.tgdd.vn/mwg-static/tgdd/Products/Images/54/344793/tai-nghe-bluetooth-true-wireless-rezo-wave-pro-anc-hong-3-638974184003070569-750x500.jpg
RZO-PANC,https://cdnv2.tgdd.vn/mwg-static/tgdd/Products/Images/54/344793/tai-nghe-bluetooth-true-wireless-rezo-wave-pro-anc-hong-15-638974184089888176-750x500.jpg
RZO-PANC,https://cdnv2.tgdd.vn/mwg-static/tgdd/Products/Images/54/344793/tai-nghe-bluetooth-true-wireless-rezo-wave-pro-anc-be-8-638974184714659044-750x500.jpg
RZO-PANC,https://cdnv2.tgdd.vn/mwg-static/tgdd/Products/Images/54/344793/tai-nghe-bluetooth-true-wireless-rezo-wave-pro-anc-be-12-638974184741522797-750x500.jpg
RZO-K50,https://cdnv2.tgdd.vn/mwg-static/tgdd/Products/Images/54/329299/tai-nghe-bluetooth-true-wireless-rezo-k50-den-2-638627076799209187-750x500.jpg
RZO-K50,https://cdnv2.tgdd.vn/mwg-static/tgdd/Products/Images/54/329299/tai-nghe-bluetooth-true-wireless-rezo-k50-den-3-638627076806435115-750x500.jpg
RZO-K50,https://cdnv2.tgdd.vn/mwg-static/tgdd/Products/Images/54/329299/tai-nghe-bluetooth-true-wireless-rezo-k50-den-1-638627076792093732-750x500.jpg
RZO-K50,https://cdnv2.tgdd.vn/mwg-static/tgdd/Products/Images/54/329299/tai-nghe-bluetooth-true-wireless-rezo-k50-den-11-638627076887100869-750x500.jpg
RZO-K50,https://cdnv2.tgdd.vn/mwg-static/tgdd/Products/Images/54/329299/tai-nghe-bluetooth-true-wireless-rezo-k50-den-13-638627076910991288-750x500.jpg
RZO-K50,https://cdnv2.tgdd.vn/mwg-static/tgdd/Products/Images/54/329299/tai-nghe-bluetooth-true-wireless-rezo-k50-den-14-638627076918247445-750x500.jpg
RZO-RZ09,https://cdnv2.tgdd.vn/mwg-static/tgdd/Products/Images/54/330249/tai-nghe-bluetooth-true-wireless-rezo-rz09-anc-trang-1-638635681929043024-750x500.jpg
RZO-RZ09,https://cdnv2.tgdd.vn/mwg-static/tgdd/Products/Images/54/330249/tai-nghe-bluetooth-true-wireless-rezo-rz09-anc-trang-3-638635681950087781-750x500.jpg
RZO-RZ09,https://cdnv2.tgdd.vn/mwg-static/tgdd/Products/Images/54/330249/tai-nghe-bluetooth-true-wireless-rezo-rz09-anc-trang-7-638635681982092251-750x500.jpg
RZO-RZ09,https://cdnv2.tgdd.vn/mwg-static/tgdd/Products/Images/54/330249/tai-nghe-bluetooth-true-wireless-rezo-rz09-anc-trang-13-638635682018030471-750x500.jpg
RZO-RZ09,https://cdnv2.tgdd.vn/mwg-static/tgdd/Products/Images/54/330249/tai-nghe-bluetooth-true-wireless-rezo-rz09-anc-den-2-638635680823309047-750x500.jpg
RZO-RZ09,https://cdnv2.tgdd.vn/mwg-static/tgdd/Products/Images/54/330249/tai-nghe-bluetooth-true-wireless-rezo-rz09-anc-den-7-638635680852113475-750x500.jpg
RZO-RZ09,https://cdnv2.tgdd.vn/mwg-static/tgdd/Products/Images/54/330249/tai-nghe-bluetooth-true-wireless-rezo-rz09-anc-den-11-638635680881398792-750x500.jpg
RZO-AIR5,https://cdnv2.tgdd.vn/mwg-static/tgdd/Products/Images/54/330711/tai-nghe-bluetooth-true-wireless-rezo-air-5-deluxe-anc-trang-1-638642418916430535-750x500.jpg
RZO-AIR5,https://cdnv2.tgdd.vn/mwg-static/tgdd/Products/Images/54/330711/tai-nghe-bluetooth-true-wireless-rezo-air-5-deluxe-anc-trang-2-638642418922429241-750x500.jpg
RZO-AIR5,https://cdnv2.tgdd.vn/mwg-static/tgdd/Products/Images/54/330711/tai-nghe-bluetooth-true-wireless-rezo-air-5-deluxe-anc-trang-3-638642418928950008-750x500.jpg
RZO-AIR5,https://cdnv2.tgdd.vn/mwg-static/tgdd/Products/Images/54/330711/tai-nghe-bluetooth-true-wireless-rezo-air-5-deluxe-anc-trang-9-638642418966269010-750x500.jpg
RZO-AIR5,https://cdnv2.tgdd.vn/mwg-static/tgdd/Products/Images/54/330711/tai-nghe-bluetooth-true-wireless-rezo-air-5-deluxe-anc-trang-5-638642418941236821-750x500.jpg
RZO-AIR5,https://cdnv2.tgdd.vn/mwg-static/tgdd/Products/Images/54/330711/tai-nghe-bluetooth-true-wireless-rezo-air-5-deluxe-anc-trang-6-638642418946795962-750x500.jpg
RZO-AIR5,https://cdnv2.tgdd.vn/mwg-static/tgdd/Products/Images/54/330711/tai-nghe-bluetooth-true-wireless-rezo-air-5-deluxe-anc-trang-13-638642419000549826-750x500.jpg
RZO-AIR5,https://cdnv2.tgdd.vn/mwg-static/tgdd/Products/Images/54/330711/tai-nghe-bluetooth-true-wireless-rezo-air-5-deluxe-anc-trang-11-638642418985852513-750x500.jpg
BU-E2F,https://cdn2.cellphones.com.vn/358x/media/catalog/product/i/m/image_1042_2.png
BU-E2F,https://cdn2.cellphones.com.vn/insecure/rs:fill:0:358/q:90/plain/https://cellphones.com.vn/media/catalog/product/t/a/tai-nghe-khong-day-the-thao-baseus-eli-2i-fit_2_.png
BU-E2F,https://cdn2.cellphones.com.vn/insecure/rs:fill:0:358/q:90/plain/https://cellphones.com.vn/media/catalog/product/t/a/tai-nghe-khong-day-the-thao-baseus-eli-2i-fit_3_.png
BU-E2F,https://cdn2.cellphones.com.vn/insecure/rs:fill:0:358/q:90/plain/https://cellphones.com.vn/media/catalog/product/t/a/tai-nghe-khong-day-the-thao-baseus-eli-2i-fit_1_.png
BU-E2F,https://cdn2.cellphones.com.vn/insecure/rs:fill:0:358/q:90/plain/https://cellphones.com.vn/media/catalog/product/t/a/tai-nghe-khong-day-the-thao-baseus-eli-2i-fit_2_.jpg
BU-E2F,https://cdn2.cellphones.com.vn/insecure/rs:fill:0:358/q:90/plain/https://cellphones.com.vn/media/catalog/product/t/a/tai-nghe-khong-day-the-thao-baseus-eli-2i-fit_1_.jpg
BU-E2F,https://cdn2.cellphones.com.vn/insecure/rs:fill:0:358/q:90/plain/https://cellphones.com.vn/media/catalog/product/t/a/tai-nghe-khong-day-the-thao-baseus-eli-2i-fit_5_.jpg
BU-ES2,https://cdn2.cellphones.com.vn/insecure/rs:fill:0:358/q:90/plain/https://cellphones.com.vn/media/catalog/product/t/a/tai-nghe-khong-day-the-thao-baseus-eli-sport-2-open-ear_1_.png
BU-ES2,https://cdn2.cellphones.com.vn/insecure/rs:fill:0:358/q:90/plain/https://cellphones.com.vn/media/catalog/product/t/a/tai-nghe-khong-day-the-thao-baseus-eli-sport-2-open-ear_8_.jpg
BU-ES2,https://cdn2.cellphones.com.vn/insecure/rs:fill:0:358/q:90/plain/https://cellphones.com.vn/media/catalog/product/t/a/tai-nghe-khong-day-the-thao-baseus-eli-sport-2-open-ear_11_.jpg
BU-ES2,https://cdn2.cellphones.com.vn/insecure/rs:fill:0:358/q:90/plain/https://cellphones.com.vn/media/catalog/product/t/a/tai-nghe-khong-day-the-thao-baseus-eli-sport-2-open-ear_2_.jpg
BU-ES2,https://cdn2.cellphones.com.vn/insecure/rs:fill:0:358/q:90/plain/https://cellphones.com.vn/media/catalog/product/t/a/tai-nghe-khong-day-the-thao-baseus-eli-sport-2-open-ear_2_.png
BU-ES2,https://cdn2.cellphones.com.vn/insecure/rs:fill:0:358/q:90/plain/https://cellphones.com.vn/media/catalog/product/t/a/tai-nghe-khong-day-the-thao-baseus-eli-sport-2-open-ear_6_.png
BU-ES2,https://cdn2.cellphones.com.vn/insecure/rs:fill:0:358/q:90/plain/https://cellphones.com.vn/media/catalog/product/t/a/tai-nghe-khong-day-the-thao-baseus-eli-sport-2-open-ear_3_.png
BU-BE11,https://cdn2.cellphones.com.vn/insecure/rs:fill:0:358/q:90/plain/https://cellphones.com.vn/media/catalog/product/t/a/tai-nghe-bluetooth-baseus-bowie-e11_2_.png
BU-BE11,https://cdn2.cellphones.com.vn/insecure/rs:fill:0:358/q:90/plain/https://cellphones.com.vn/media/catalog/product/t/a/tai-nghe-bluetooth-baseus-bowie-e11_5_.png
BU-BE11,https://cdn2.cellphones.com.vn/insecure/rs:fill:0:358/q:90/plain/https://cellphones.com.vn/media/catalog/product/t/a/tai-nghe-bluetooth-baseus-bowie-e11_4_.png
BU-BE11,https://cdn2.cellphones.com.vn/insecure/rs:fill:0:358/q:90/plain/https://cellphones.com.vn/media/catalog/product/t/a/tai-nghe-bluetooth-baseus-bowie-e11-ksp.png
BU-BE17,https://cdn2.cellphones.com.vn/insecure/rs:fill:0:358/q:90/plain/https://cellphones.com.vn/media/catalog/product/t/a/tai-nghe-bluetooth-baseus-bowie-e17_7_.png
BU-BE17,https://cdn2.cellphones.com.vn/insecure/rs:fill:0:358/q:90/plain/https://cellphones.com.vn/media/catalog/product/t/a/tai-nghe-bluetooth-baseus-bowie-e17_5_.png
BU-BE17,https://cdn2.cellphones.com.vn/insecure/rs:fill:0:358/q:90/plain/https://cellphones.com.vn/media/catalog/product/t/a/tai-nghe-bluetooth-baseus-bowie-e17_3_.png
BU-BE17,https://cdn2.cellphones.com.vn/insecure/rs:fill:0:358/q:90/plain/https://cellphones.com.vn/media/catalog/product/t/a/tai-nghe-bluetooth-baseus-bowie-e17_13_.png
BU-BE17,https://cdn2.cellphones.com.vn/insecure/rs:fill:0:358/q:90/plain/https://cellphones.com.vn/media/catalog/product/t/a/tai-nghe-bluetooth-baseus-bowie-e17_15_.png
BU-BE17,https://cdn2.cellphones.com.vn/insecure/rs:fill:0:358/q:90/plain/https://cellphones.com.vn/media/catalog/product/t/a/tai-nghe-bluetooth-baseus-bowie-e17_12_.png
BU-D02P,https://cdn2.cellphones.com.vn/insecure/rs:fill:0:358/q:90/plain/https://cellphones.com.vn/media/catalog/product/t/a/tai-nghe-chup-tai-baseus-encok-d02-pro_14_.png
BU-D02P,https://cdn2.cellphones.com.vn/insecure/rs:fill:0:358/q:90/plain/https://cellphones.com.vn/media/catalog/product/t/a/tai-nghe-chup-tai-baseus-encok-d02-pro_13_.png
BU-D02P,https://cdn2.cellphones.com.vn/insecure/rs:fill:0:358/q:90/plain/https://cellphones.com.vn/media/catalog/product/t/a/tai-nghe-chup-tai-baseus-encok-d02-pro_16_.png
BU-D02P,https://cdn2.cellphones.com.vn/insecure/rs:fill:0:358/q:90/plain/https://cellphones.com.vn/media/catalog/product/t/a/tai-nghe-chup-tai-baseus-encok-d02-pro_18_.png
BU-D02P,https://cdn2.cellphones.com.vn/insecure/rs:fill:0:358/q:90/plain/https://cellphones.com.vn/media/catalog/product/t/a/tai-nghe-chup-tai-baseus-encok-d02-pro_22_.png
BU-D02P,https://cdn2.cellphones.com.vn/insecure/rs:fill:0:358/q:90/plain/https://cellphones.com.vn/media/catalog/product/t/a/tai-nghe-chup-tai-baseus-encok-d02-pro_20_.png
BU-D02P,https://cdn2.cellphones.com.vn/insecure/rs:fill:0:358/q:90/plain/https://cellphones.com.vn/media/catalog/product/t/a/tai-nghe-chup-tai-baseus-encok-d02-pro_19_.png
BU-B35M,https://cdn2.cellphones.com.vn/insecure/rs:fill:0:358/q:90/plain/https://cellphones.com.vn/media/catalog/product/t/a/tai-nghe-chup-tai-baseus-bass-35-max_3_.png
BU-B35M,https://cdn2.cellphones.com.vn/insecure/rs:fill:0:358/q:90/plain/https://cellphones.com.vn/media/catalog/product/t/a/tai-nghe-chup-tai-baseus-bass-35-max_4_.png
BU-B35M,https://cdn2.cellphones.com.vn/insecure/rs:fill:0:358/q:90/plain/https://cellphones.com.vn/media/catalog/product/t/a/tai-nghe-chup-tai-baseus-bass-35-max.png
BU-B35M,https://cdn2.cellphones.com.vn/insecure/rs:fill:0:358/q:90/plain/https://cellphones.com.vn/media/catalog/product/t/a/tai-nghe-chup-tai-baseus-bass-35-max_5_.png
BU- BBH1,https://cdn2.cellphones.com.vn/insecure/rs:fill:0:358/q:90/plain/https://cellphones.com.vn/media/catalog/product/t/a/tai-nghe-chup-tai-bluetooth-baseus-bass-bh1_5_.jpg
BU- BBH1,https://cdn2.cellphones.com.vn/insecure/rs:fill:0:358/q:90/plain/https://cellphones.com.vn/media/catalog/product/t/a/tai-nghe-chup-tai-bluetooth-baseus-bass-bh1_4_.jpg
BU- BBH1,https://cdn2.cellphones.com.vn/insecure/rs:fill:0:358/q:90/plain/https://cellphones.com.vn/media/catalog/product/t/a/tai-nghe-chup-tai-bluetooth-baseus-bass-bh1_2_.jpg
BU- BBH1,https://cdn2.cellphones.com.vn/insecure/rs:fill:0:358/q:90/plain/https://cellphones.com.vn/media/catalog/product/t/a/tai-nghe-chup-tai-bluetooth-baseus-bass-bh1_8_.jpg
BU- BBH1,https://cdn2.cellphones.com.vn/insecure/rs:fill:0:358/q:90/plain/https://cellphones.com.vn/media/catalog/product/t/a/tai-nghe-chup-tai-bluetooth-baseus-bass-bh1_3_.jpg
BU- BBH1,https://cdn2.cellphones.com.vn/insecure/rs:fill:58:58/q:90/plain/https://cellphones.com.vn/media/catalog/product/t/a/tai-nghe-chup-tai-bluetooth-baseus-bass-bh1_9_.jpg
BU-WM02,https://cdn2.cellphones.com.vn/insecure/rs:fill:0:358/q:90/plain/https://cellphones.com.vn/media/catalog/product/t/a/tai-nghe-bluetooth-baseus-bowie-wm02_1__1.png
BU-WM02,https://cdn2.cellphones.com.vn/insecure/rs:fill:0:358/q:90/plain/https://cellphones.com.vn/media/catalog/product/t/a/tai-nghe-bluetooth-baseus-bowie-wm02_2__1.png
BU-WM02,https://cdn2.cellphones.com.vn/insecure/rs:fill:0:358/q:90/plain/https://cellphones.com.vn/media/catalog/product/t/a/tai-nghe-bluetooth-baseus-bowie-wm02_3__1.png
BU-WM02,https://cdn2.cellphones.com.vn/insecure/rs:fill:0:358/q:90/plain/https://cellphones.com.vn/media/catalog/product/t/a/tai-nghe-bluetooth-baseus-bowie-wm02-01.png
BU-E16,https://cdn2.cellphones.com.vn/insecure/rs:fill:0:358/q:90/plain/https://cellphones.com.vn/media/catalog/product/t/a/tai-nghe-bluetooth-baseus-bowie-e16_2_.png
BU-E16,https://cdn2.cellphones.com.vn/insecure/rs:fill:0:358/q:90/plain/https://cellphones.com.vn/media/catalog/product/t/a/tai-nghe-bluetooth-baseus-bowie-e16_3_.png
BU-E16,https://cdn2.cellphones.com.vn/insecure/rs:fill:0:358/q:90/plain/https://cellphones.com.vn/media/catalog/product/t/a/tai-nghe-bluetooth-baseus-bowie-e16-ksp.png
BU-M2SU,https://cdn2.cellphones.com.vn/insecure/rs:fill:0:358/q:90/plain/https://cellphones.com.vn/media/catalog/product/t/a/tai-nghe-khong-day-baseus-bowie-m2s-ultra_2_.png
BU-M2SU,https://cdn2.cellphones.com.vn/insecure/rs:fill:0:358/q:90/plain/https://cellphones.com.vn/media/catalog/product/t/a/tai-nghe-khong-day-baseus-bowie-m2s-ultra_5_.png
BU-M2SU,https://cdn2.cellphones.com.vn/insecure/rs:fill:0:358/q:90/plain/https://cellphones.com.vn/media/catalog/product/t/a/tai-nghe-khong-day-baseus-bowie-m2s-ultra_3_.png
BU-M2SU,https://cdn2.cellphones.com.vn/insecure/rs:fill:0:358/q:90/plain/https://cellphones.com.vn/media/catalog/product/t/a/tai-nghe-khong-day-baseus-bowie-m2s-ultra_9_.png
BU-M2SU,https://cdn2.cellphones.com.vn/insecure/rs:fill:0:358/q:90/plain/https://cellphones.com.vn/media/catalog/product/t/a/tai-nghe-khong-day-baseus-bowie-m2s-ultra_8_.png
BU-BH1I,https://cdn2.cellphones.com.vn/insecure/rs:fill:0:358/q:90/plain/https://cellphones.com.vn/media/catalog/product/t/a/tai-nghe-chup-tai-baseus-bowie-h1i_2__1.png
BU-BH1I,https://cdn2.cellphones.com.vn/insecure/rs:fill:0:358/q:90/plain/https://cellphones.com.vn/media/catalog/product/t/a/tai-nghe-chup-tai-baseus-bowie-h1i_5_.png
BU-BH1I,https://cdn2.cellphones.com.vn/insecure/rs:fill:0:358/q:90/plain/https://cellphones.com.vn/media/catalog/product/t/a/tai-nghe-chup-tai-baseus-bowie-h1i_3__1.png
BU-BH1I,https://cdn2.cellphones.com.vn/insecure/rs:fill:0:358/q:90/plain/https://cellphones.com.vn/media/catalog/product/t/a/tai-nghe-chup-tai-baseus-bowie-h1i_4_.png
BU-GP1M,https://cdn2.cellphones.com.vn/insecure/rs:fill:0:358/q:90/plain/https://cellphones.com.vn/media/catalog/product/1/_/1_718_6.png
BU-GP1M,https://cdn2.cellphones.com.vn/insecure/rs:fill:0:358/q:90/plain/https://cellphones.com.vn/media/catalog/product/3/_/3_629_4.png
BU-GP1M,https://cdn2.cellphones.com.vn/insecure/rs:fill:0:358/q:90/plain/https://cellphones.com.vn/media/catalog/product/2/_/2_690_3.png
BU-GP1M,https://cdn2.cellphones.com.vn/insecure/rs:fill:0:358/q:90/plain/https://cellphones.com.vn/media/catalog/product/1/_/1_7_1_.png
BU-GP1M,https://cdn2.cellphones.com.vn/insecure/rs:fill:0:358/q:90/plain/https://cellphones.com.vn/media/catalog/product/1/_/1_6_1_.png
LG-FP5,https://www.lg.com/content/dam/channel/wcms/vn/images/tai-nghe-khong-day/tone-fp5_cvnmllk_eavh_vn_c/gallery/DZ-01.jpg?w=800
LG-FP5,https://www.lg.com/content/dam/channel/wcms/vn/images/tai-nghe-khong-day/tone-fp5_cvnmllk_eavh_vn_c/gallery/DZ-02.jpg?w=800
LG-FP5,https://www.lg.com/content/dam/channel/wcms/vn/images/tai-nghe-khong-day/tone-fp5_cvnmllk_eavh_vn_c/gallery/DZ-04.jpg?w=800
LG-FP5,https://www.lg.com/content/dam/channel/wcms/vn/images/tai-nghe-khong-day/tone-fp5_cvnmllk_eavh_vn_c/gallery/DZ-10.jpg?w=800
LG-FP5,https://www.lg.com/content/dam/channel/wcms/vn/images/tai-nghe-khong-day/tone-fp5_cvnmllk_eavh_vn_c/gallery/DZ-13.jpg?w=800
LG-FP5,https://www.lg.com/content/dam/channel/wcms/vn/images/tai-nghe-khong-day/tone-fp5_cvnmllk_eavh_vn_c/gallery/DZ-15.jpg?w=800
LG-FN6,https://cdn2.cellphones.com.vn/insecure/rs:fill:0:358/q:90/plain/https://cellphones.com.vn/media/catalog/product/1/6/1600_2_1.jpg
LG-FN6,https://cdn2.cellphones.com.vn/insecure/rs:fill:0:358/q:90/plain/https://cellphones.com.vn/media/catalog/product/1/6/1600_4_1.jpg
LG-FN6,https://cdn2.cellphones.com.vn/insecure/rs:fill:0:358/q:90/plain/https://cellphones.com.vn/media/catalog/product/1/6/1600_7_1_1.jpg
LG-FN6,https://cdn2.cellphones.com.vn/insecure/rs:fill:0:358/q:90/plain/https://cellphones.com.vn/media/catalog/product/2/0/2087224-removebg-preview.png
LG-FN6,https://cdn2.cellphones.com.vn/insecure/rs:fill:0:358/q:90/plain/https://cellphones.com.vn/media/catalog/product/l/g/lg_tone_free_fn6_1.png
LG-FN6,https://cdn2.cellphones.com.vn/insecure/rs:fill:0:358/q:90/plain/https://cellphones.com.vn/media/catalog/product/l/g/lg_tone_free_fn6_2.png
LG-FP9,https://cdn2.cellphones.com.vn/insecure/rs:fill:0:358/q:90/plain/https://cellphones.com.vn/media/catalog/product/_/0/_0003_dz-01.jpg
LG-FP9,https://cdn2.cellphones.com.vn/insecure/rs:fill:0:358/q:90/plain/https://cellphones.com.vn/media/catalog/product/t/a/tai-nghe-khong-day-lg-tone-free-fp9.jpg
LG-FP9,https://cdn2.cellphones.com.vn/insecure/rs:fill:0:358/q:90/plain/https://cellphones.com.vn/media/catalog/product/_/0/_0001_dz-13_1.jpg
LG-FP9,https://cdn2.cellphones.com.vn/insecure/rs:fill:0:358/q:90/plain/https://cellphones.com.vn/media/catalog/product/_/0/_0002_dz-03.jpg
LG-FP9,https://cdn2.cellphones.com.vn/insecure/rs:fill:0:358/q:90/plain/https://cellphones.com.vn/media/catalog/product/_/0/_0000_dz-12.jpg
LG-FP9,https://cdn2.cellphones.com.vn/insecure/rs:fill:0:358/q:90/plain/https://cellphones.com.vn/media/catalog/product/_/0/_0004_dz-06_2.jpg
LG-FP8,https://cdn2.cellphones.com.vn/358x/media/catalog/product/_/0/_0004_dz-06_1.jpg
LG-FP8,https://cdn2.cellphones.com.vn/insecure/rs:fill:0:358/q:90/plain/https://cellphones.com.vn/media/catalog/product/t/a/tai-nghe-khong-day-lg-tone-free-fp8-3_2.jpg
LG-FP8,https://cdn2.cellphones.com.vn/insecure/rs:fill:0:358/q:90/plain/https://cellphones.com.vn/media/catalog/product/t/a/tai-nghe-khong-day-lg-tone-free-fp8.jpg
LG-FP8,https://cdn2.cellphones.com.vn/insecure/rs:fill:0:358/q:90/plain/https://cellphones.com.vn/media/catalog/product/t/a/tai-nghe-khong-day-lg-tone-free-fp8-4.jpg
LG-FP8,https://cdn2.cellphones.com.vn/insecure/rs:fill:0:358/q:90/plain/https://cellphones.com.vn/media/catalog/product/t/a/tai-nghe-khong-day-lg-tone-free-fp8-6.jpg
HV-931,https://cdn2.cellphones.com.vn/insecure/rs:fill:0:358/q:90/plain/https://cellphones.com.vn/media/catalog/product/t/a/tai-nghe-khong-day-havit-tw-931-den.png
HV-931,https://cdn2.cellphones.com.vn/insecure/rs:fill:0:358/q:90/plain/https://cellphones.com.vn/media/catalog/product/t/a/tai-nghe-khong-day-havit-tw-931_1_.png
HV-931,https://cdn2.cellphones.com.vn/insecure/rs:fill:0:358/q:90/plain/https://cellphones.com.vn/media/catalog/product/t/a/tai-nghe-khong-day-havit-tw-931_2_.png
HV-931,https://cdn2.cellphones.com.vn/insecure/rs:fill:0:358/q:90/plain/https://cellphones.com.vn/media/catalog/product/t/a/tai-nghe-khong-day-havit-tw-931_6__1.png
HV-931,https://cdn2.cellphones.com.vn/insecure/rs:fill:0:358/q:90/plain/https://cellphones.com.vn/media/catalog/product/t/a/tai-nghe-khong-day-havit-tw-931_2__2_1.png
HV-H360,https://cdn2.cellphones.com.vn/insecure/rs:fill:0:358/q:90/plain/https://cellphones.com.vn/media/catalog/product/5/_/5_179.jpg
HV-H360,https://cdn2.cellphones.com.vn/358x/media/catalog/product/b/e/beigi.png
HV-H360,https://cdn2.cellphones.com.vn/358x/media/catalog/product/b/u/butter.png
HV-H360,https://cdn2.cellphones.com.vn/insecure/rs:fill:0:358/q:90/plain/https://cellphones.com.vn/media/catalog/product/4/_/4_209.jpg
HV-H360,https://cdn2.cellphones.com.vn/insecure/rs:fill:0:358/q:90/plain/https://cellphones.com.vn/media/catalog/product/3/_/3_251.jpg
JBL-PS320,https://cdn2.cellphones.com.vn/x/media/catalog/product/l/o/loa-bluetooth-jbl-partybox-stage-320_6_.png?_gl=1*nw21rp*_gcl_au*NTM3NzU4NzMzLjE3NjIwMDc4NTE.*_ga*OTk1Nzk1MTcyLjE3NjIwMDc4NTI.*_ga_QLK8WFHNK9*czE3NjQ4MzUxMDEkbzMkZzEkdDE3NjQ4MzY1OTAkajIzJGwwJGgyOTAwMTQzNTI.
JBL-PS320,https://cdn2.cellphones.com.vn/x/media/catalog/product/l/o/loa-bluetooth-jbl-partybox-stage-320_5_.png
JBL-PS320,https://cdn2.cellphones.com.vn/x/media/catalog/product/l/o/loa-bluetooth-jbl-partybox-stage-320_8_.png
JBL-PS320,https://cdn2.cellphones.com.vn/x/media/catalog/product/l/o/loa-bluetooth-jbl-partybox-stage-320_9_.png
JBL-PS320,https://cdn2.cellphones.com.vn/x/media/catalog/product/l/o/loa-bluetooth-jbl-partybox-stage-320_10_.png
JBL-PS320,https://cdn2.cellphones.com.vn/x/media/catalog/product/l/o/loa-bluetooth-jbl-partybox-stage-320_13_.png
JBL-PS320,https://cdn2.cellphones.com.vn/x/media/catalog/product/l/o/loa-bluetooth-jbl-partybox-stage-320_14_.png
JBL-PS320,https://cdn2.cellphones.com.vn/x/media/catalog/product/j/b/jbl-partybox-stage-320-7.jpg
JBL-PS320,https://cdn2.cellphones.com.vn/x/media/catalog/product/j/b/jbl-partybox-stage-320-8.jpg
JBL-PS320,https://cdn2.cellphones.com.vn/x/media/catalog/product/j/b/jbl-partybox-stage-320-8.jpg
JBL-PS320,https://cdn2.cellphones.com.vn/x/media/catalog/product/j/b/jbl-partybox-stage-320-3.jpg
JBL-PS320,https://cdn2.cellphones.com.vn/x/media/catalog/product/j/b/jbl-partybox-stage-320-1.png?_gl=1*gt8cvu*_gcl_au*NTM3NzU4NzMzLjE3NjIwMDc4NTE.*_ga*OTk1Nzk1MTcyLjE3NjIwMDc4NTI.*_ga_QLK8WFHNK9*czE3NjQ4MzUxMDEkbzMkZzEkdDE3NjQ4Mzc3OTYkajU3JGwwJGgyOTAwMTQzNTI.
JBL-P310,https://cdn2.cellphones.com.vn/x/media/catalog/product/j/b/jbl_partybox_310_6.png?_gl=1*1cbprt8*_gcl_au*NTM3NzU4NzMzLjE3NjIwMDc4NTE.*_ga*OTk1Nzk1MTcyLjE3NjIwMDc4NTI.*_ga_QLK8WFHNK9*czE3NjQ4MzUxMDEkbzMkZzEkdDE3NjQ4MzcxMzkkajMwJGwwJGgyOTAwMTQzNTI.
JBL-P310,https://cdn2.cellphones.com.vn/x/media/catalog/product/j/b/jbl_partybox_310_5.png
JBL-P310,https://cdn2.cellphones.com.vn/x/media/catalog/product/j/b/jbl_partybox_310_7.png
JBL-P310,https://cdn2.cellphones.com.vn/x/media/catalog/product/j/b/jbl_partybox_310_8.png
JBL-P310,https://cdn2.cellphones.com.vn/x/media/catalog/product/j/b/jbl_partybox_310_9.png
JBL-P310,https://cdn2.cellphones.com.vn/x/media/catalog/product/l/o/loa-bluetooth-jbl-partybox-310_3_.png
JBL-P310,https://cdn2.cellphones.com.vn/x/media/catalog/product/l/o/loa-bluetooth-jbl-partybox-310_2_.png
JBL-B4,https://cdn2.cellphones.com.vn/x/media/catalog/product/b/b/bb4.png?_gl=1*ctda4o*_gcl_au*NTM3NzU4NzMzLjE3NjIwMDc4NTE.*_ga*OTk1Nzk1MTcyLjE3NjIwMDc4NTI.*_ga_QLK8WFHNK9*czE3NjQ4MzUxMDEkbzMkZzEkdDE3NjQ4Mzg3MzEkajYwJGwwJGgyOTAwMTQzNTI.
JBL-B4,https://cdn2.cellphones.com.vn/x/media/catalog/product/b/b/bb5.png
JBL-B4,https://cdn2.cellphones.com.vn/x/media/catalog/product/b/b/bb3.png
JBL-B4,https://cdn2.cellphones.com.vn/x/media/catalog/product/b/b/bb8.png
JBL-B4,https://cdn2.cellphones.com.vn/x/media/catalog/product/l/o/loa-bluetooth-jbl-boombox-4_26_.png
JBL-B4,https://cdn2.cellphones.com.vn/x/media/catalog/product/l/o/loa-bluetooth-jbl-boombox-4_15_.png
JBL-B4,https://cdn2.cellphones.com.vn/x/media/catalog/product/l/o/loa-bluetooth-jbl-boombox-4_13_.png
JBL-B4,https://cdn2.cellphones.com.vn/x/media/catalog/product/l/o/loa-bluetooth-jbl-boombox-4_12_.png
JBL-B4,https://cdn2.cellphones.com.vn/x/media/catalog/product/l/o/loa-bluetooth-jbl-boombox-4_11_.png
JBL-B4,https://cdn2.cellphones.com.vn/x/media/catalog/product/l/o/loa-bluetooth-jbl-boombox-4_24_.png?_gl=1*1dpgj9o*_gcl_au*NTM3NzU4NzMzLjE3NjIwMDc4NTE.*_ga*OTk1Nzk1MTcyLjE3NjIwMDc4NTI.*_ga_QLK8WFHNK9*czE3NjQ4MzUxMDEkbzMkZzEkdDE3NjQ4Mzg3OTMkajYwJGwwJGgyOTAwMTQzNTI.
JBL-B4,https://cdn2.cellphones.com.vn/x/media/catalog/product/l/o/loa-bluetooth-jbl-boombox-4_25_.png
JBL-A500,https://cdn2.cellphones.com.vn/x/media/catalog/product/l/o/loa-jbl-authentics-500_10_.png
JBL-A500,https://cdn2.cellphones.com.vn/x/media/catalog/product/l/o/loa-jbl-authentics-500_8_.png
JBL-A500,https://cdn2.cellphones.com.vn/x/media/catalog/product/l/o/loa-jbl-authentics-500_5_.png
JBL-A500,https://cdn2.cellphones.com.vn/x/media/catalog/product/l/o/loa-jbl-authentics-500_7_.png
JBL-A500,https://cdn2.cellphones.com.vn/x/media/catalog/product/l/o/loa-jbl-authentics-500-ksp.png
JBL-A500,https://cdn2.cellphones.com.vn/x/media/catalog/product/l/o/loa-jbl-authentics-500_4_.png
JBL-A500,https://cdn2.cellphones.com.vn/x/media/catalog/product/l/o/loa-jbl-authentics-500_3_.png
JBL-A500,https://cdn2.cellphones.com.vn/x/media/catalog/product/l/o/loa-jbl-authentics-500_2_.png
JBL-PEE2,https://cdn2.cellphones.com.vn/x/media/catalog/product/e/0/e0.png?_gl=1*l3eexu*_gcl_au*NTM3NzU4NzMzLjE3NjIwMDc4NTE.*_ga*OTk1Nzk1MTcyLjE3NjIwMDc4NTI.*_ga_QLK8WFHNK9*czE3NjQ4MzUxMDEkbzMkZzEkdDE3NjQ4Mzk2OTUkajUxJGwwJGgyOTAwMTQzNTI.
JBL-PEE2,https://cdn2.cellphones.com.vn/x/media/catalog/product/e/1/e1.png
JBL-PEE2,https://cdn2.cellphones.com.vn/x/media/catalog/product/e/2/e2.png
JBL-PEE2,https://cdn2.cellphones.com.vn/x/media/catalog/product/e/3/e3_3.png
JBL-PEE2,https://cdn2.cellphones.com.vn/x/media/catalog/product/e/4/e4.png
JBL-PEE2,https://cdn2.cellphones.com.vn/x/media/catalog/product/2/_/2_989359-2048x1365.jpg
JBL-PEE2,https://cdn2.cellphones.com.vn/x/media/catalog/product/j/b/jbl_partybox_encore_essential_2_0_.jpg
JBL-PEE2,https://cdn2.cellphones.com.vn/x/media/catalog/product/j/b/jbl_partybox_encore_essential_2.jpg
JBL-PEE,https://cdn2.cellphones.com.vn/x/media/catalog/product/4/_/4_114_1.png
JBL-PEE,https://cdn2.cellphones.com.vn/x/media/catalog/product/2/_/2_135_2.png
JBL-PEE,https://cdn2.cellphones.com.vn/x/media/catalog/product/5/_/5_102_1.png
JBL-PEE,https://cdn2.cellphones.com.vn/x/media/catalog/product/l/o/loa-bluetooth-jbl-partybox-encore-essential_3__1.png
JBL-PEE,https://cdn2.cellphones.com.vn/x/media/catalog/product/l/o/loa-bluetooth-jbl-partybox-encore-essential.png
JBL-PEE,https://cdn2.cellphones.com.vn/x/media/catalog/product/l/o/loa-bluetooth-jbl-partybox-encore-essential_1__1.png
JBL-H,https://cdn2.cellphones.com.vn/x/media/catalog/product/l/o/loa-jbl-horizon_1.png?_gl=1*bte2cf*_gcl_au*NTM3NzU4NzMzLjE3NjIwMDc4NTE.*_ga*OTk1Nzk1MTcyLjE3NjIwMDc4NTI.*_ga_QLK8WFHNK9*czE3NjQ4MzUxMDEkbzMkZzEkdDE3NjQ4NDExMDckajYwJGwwJGgyOTAwMTQzNTI.
JBL-H,https://cdn2.cellphones.com.vn/x/media/catalog/product/l/o/loa-jbl-horizon-04.png
JBL-H,https://cdn2.cellphones.com.vn/x/media/catalog/product/l/o/loa-jbl-horizon-03.png
JBL-H,https://cdn2.cellphones.com.vn/x/media/catalog/product/l/o/loa-jbl-horizon-02.png
JBL-H,https://cdn2.cellphones.com.vn/x/media/catalog/product/l/o/loa-jbl-horizon-ksp.png?_gl=1*nk865v*_gcl_au*NTM3NzU4NzMzLjE3NjIwMDc4NTE.*_ga*OTk1Nzk1MTcyLjE3NjIwMDc4NTI.*_ga_QLK8WFHNK9*czE3NjQ4MzUxMDEkbzMkZzEkdDE3NjQ4NDExMDckajYwJGwwJGgyOTAwMTQzNTI.
JBL-H,https://cdn2.cellphones.com.vn/insecure/rs:fill:0:0/q:100/plain/https://cellphones.com.vn/media/wysiwyg/Loa/JBL/loa-jbl-horizon-3.jpg
JBL-H,https://cdn2.cellphones.com.vn/insecure/rs:fill:0:0/q:100/plain/https://cellphones.com.vn/media/wysiwyg/Loa/JBL/loa-jbl-horizon-1.jpg
JBL-H2,https://cdn2.cellphones.com.vn/x/media/catalog/product/j/b/jbl_horizon2_hero_black_v2_0245_x4.jpg?_gl=1*3jlb6g*_gcl_au*NTM3NzU4NzMzLjE3NjIwMDc4NTE.*_ga*OTk1Nzk1MTcyLjE3NjIwMDc4NTI.*_ga_QLK8WFHNK9*czE3NjQ4MzUxMDEkbzMkZzEkdDE3NjQ4NDIwNDkkajYwJGwwJGgyOTAwMTQzNTI.
JBL-H2,https://cdn2.cellphones.com.vn/x/media/catalog/product/j/b/jbl_horizon2_back_black_v3_0265_x1.jpg
JBL-H2,https://cdn2.cellphones.com.vn/x/media/catalog/product/j/b/jbl_horizon2_top_black_v2_0280_x1.jpg
JBL-H2,https://cdn2.cellphones.com.vn/x/media/catalog/product/j/b/jbl_horizon2_right_black_v2_0267_x2.jpg
JBL-H2,https://cdn2.cellphones.com.vn/x/media/catalog/product/j/b/jbl_horizon2_bottom_black_v2_0281_x2.jpg
JBL-H2,https://cdn2.cellphones.com.vn/x/media/catalog/product/j/b/jbl_horizon2_top_down_black_v2_0276_x2.jpg
JBL-H2,https://cdn2.cellphones.com.vn/x/media/catalog/product/j/b/jbl_horizon2_hero_grey_v2_0240_x5.jpg
JBL-H2,https://cdn2.cellphones.com.vn/x/media/catalog/product/j/b/jbl_horizon2_back_grey_v2_0263_x1.jpg
JBL-H2,https://cdn2.cellphones.com.vn/x/media/catalog/product/j/b/jbl_horizon2_bottom_grey_v2_0282_x2.jpg
JBL-H2,https://cdn2.cellphones.com.vn/x/media/catalog/product/j/b/jbl_horizon2_top_down_grey_v2_0277_x4.jpg
JBL-H2,https://cdn2.cellphones.com.vn/x/media/catalog/product/j/b/jbl_horizon2_right_grey_v20268_x3.jpg
JBL-H2,https://cdn2.cellphones.com.vn/x/media/catalog/product/j/b/jbl_horizon2_top_grey_v2_0279_x3.jpg
JBL-H2,https://cdn2.cellphones.com.vn/x/media/catalog/product/6/_/6_200_1.jpg
JBL-H2,https://cdn2.cellphones.com.vn/x/media/catalog/product/h/o/horizon2_livestyle_image.jpg
JBL-H2,https://cdn2.cellphones.com.vn/insecure/rs:fill:0:0/q:100/plain/https://cellphones.com.vn/media/wysiwyg/Loa/JBL/Horizon/loa-bluetooth-jbl-horizon-2-1.jpg
JBL-H3,https://cdn2.cellphones.com.vn/x/media/catalog/product/l/o/loa-bluetooth-jbl-horizon-3-xam_2_.png
JBL-H3,https://cdn2.cellphones.com.vn/x/media/catalog/product/l/o/loa-bluetooth-jbl-horizon-3-xam_8_.png
JBL-H3,https://cdn2.cellphones.com.vn/x/media/catalog/product/l/o/loa-bluetooth-jbl-horizon-3-xam_4_.png
JBL-H3,https://cdn2.cellphones.com.vn/x/media/catalog/product/l/o/loa-bluetooth-jbl-horizon-3-xam_6_.png
JBL-H3,https://cdn2.cellphones.com.vn/x/media/catalog/product/l/o/loa-bluetooth-jbl-horizon-3-xam_5_.png
JBL-H3,https://cdn2.cellphones.com.vn/x/media/catalog/product/l/o/loa-bluetooth-jbl-horizon-3-xam_7_.png
JBL-H3,https://cdn2.cellphones.com.vn/x/media/catalog/product/l/o/loa-bluetooth-jbl-horizon-3-xam_9_.png
JBL-H3,https://cdn2.cellphones.com.vn/x/media/catalog/product/l/o/loa-bluetooth-jbl-horizon-3-den_2_.png
JBL-H3,https://cdn2.cellphones.com.vn/x/media/catalog/product/l/o/loa-bluetooth-jbl-horizon-3-den_5_.png
JBL-H3,https://cdn2.cellphones.com.vn/x/media/catalog/product/l/o/loa-bluetooth-jbl-horizon-3-den_4_.png
JBL-H3,https://cdn2.cellphones.com.vn/x/media/catalog/product/l/o/loa-bluetooth-jbl-horizon-3-den_6_.png
JBL-H3,https://cdn2.cellphones.com.vn/x/media/catalog/product/l/o/loa-bluetooth-jbl-horizon-3-den_8_.png
JBL-H3,https://cdn2.cellphones.com.vn/x/media/catalog/product/l/o/loa-bluetooth-jbl-horizon-3-den_7_.png
JBL-H3,https://cdn2.cellphones.com.vn/x/media/catalog/product/l/o/loa-bluetooth-jbl-horizon-3-den_9_.png
JBL-H3,https://cdn2.cellphones.com.vn/x/media/catalog/product/l/o/loa-bluetooth-jbl-horizon-3_3_.png
JBL-H3,https://cdn2.cellphones.com.vn/x/media/catalog/product/l/o/loa-bluetooth-jbl-horizon-3_1_.png
JBL-H3,https://cdn2.cellphones.com.vn/x/media/catalog/product/l/o/loa-bluetooth-jbl-horizon-3_2_.png
JBL-H3,https://cdn2.cellphones.com.vn/x/media/catalog/product/l/o/loa-bluetooth-jbl-horizon-3.png
JBL-F7,https://cdn2.cellphones.com.vn/x/media/catalog/product/l/o/loa-bluetooth-jbl-flip-7_16_.png
JBL-F7,https://cdn2.cellphones.com.vn/x/media/catalog/product/l/o/loa-bluetooth-jbl-flip-7_24_.png
JBL-F7,https://cdn2.cellphones.com.vn/x/media/catalog/product/l/o/loa-bluetooth-jbl-flip-7_14_.png
JBL-F7,https://cdn2.cellphones.com.vn/x/media/catalog/product/l/o/loa-bluetooth-jbl-flip-7_4_.png?_gl=1*1haphu3*_gcl_au*NTM3NzU4NzMzLjE3NjIwMDc4NTE.*_ga*OTk1Nzk1MTcyLjE3NjIwMDc4NTI.*_ga_QLK8WFHNK9*czE3NjQ4MzUxMDEkbzMkZzEkdDE3NjQ4NDMxOTAkajE5JGwwJGgyOTAwMTQzNTI.
JBL-F7,https://cdn2.cellphones.com.vn/x/media/catalog/product/l/o/loa-bluetooth-jbl-flip-7_12_.png
JBL-F7,https://cdn2.cellphones.com.vn/x/media/catalog/product/l/o/loa-bluetooth-jbl-flip-7_2_.png
JBL-F7,https://cdn2.cellphones.com.vn/x/media/catalog/product/l/o/loa-bluetooth-jbl-flip-7_9_.png
JBL-F7,https://cdn2.cellphones.com.vn/x/media/catalog/product/l/o/loa-bluetooth-jbl-flip-7_40_.png
JBL-F7,https://cdn2.cellphones.com.vn/x/media/catalog/product/j/b/jbl-flip-7-3.png
JBL-F7,https://cdn2.cellphones.com.vn/x/media/catalog/product/j/b/jbl-flip-7-5.png
JBL-GE,https://cdn2.cellphones.com.vn/x/media/catalog/product/6/_/6_jbl_go_essential_detail_black_31543_x1.png
JBL-GE,https://cdn2.cellphones.com.vn/x/media/catalog/product/j/b/jbl_go_essential_left_black_31566_x1.png
JBL-GE,https://cdn2.cellphones.com.vn/x/media/catalog/product/j/b/jbl_go_essential_right_open_black_31599_x1.png
JBL-GE,https://cdn2.cellphones.com.vn/x/media/catalog/product/j/b/jbl_go_essential_bottom_black_31517_x1.pngg
JBL-GE,https://cdn2.cellphones.com.vn/x/media/catalog/product/l/o/loa-bluetooth-jbl-go-essential_1.png
JBL-GE,https://cdn2.cellphones.com.vn/x/media/catalog/product/l/o/loa-bluetooth-jbl-go-essential_2_.png
JBL-GE2,https://cdn2.cellphones.com.vn/x/media/catalog/product/l/o/loa-bluetooth-jbl-go-essential-2_11_.png
JBL-GE2,https://cdn2.cellphones.com.vn/x/media/catalog/product/l/o/loa-bluetooth-jbl-go-essential-2_4_.png
JBL-GE2,https://cdn2.cellphones.com.vn/x/media/catalog/product/l/o/loa-bluetooth-jbl-go-essential-2_9_.png
JBL-GE2,https://cdn2.cellphones.com.vn/x/media/catalog/product/l/o/loa-bluetooth-jbl-go-essential-2_7_.png
JBL-GE2,https://cdn2.cellphones.com.vn/x/media/catalog/product/l/o/loa-bluetooth-jbl-go-essential-2_6_.png
JBL-GE2,https://cdn2.cellphones.com.vn/x/media/catalog/product/l/o/loa-bluetooth-jbl-go-essential-2_1_.png
JBL-G3,https://cdn2.cellphones.com.vn/358x/media/catalog/product/l/o/loa-bluetooth-jbl-go-3-blue_1.png
JBL-G3,https://cdn2.cellphones.com.vn/x/media/catalog/product/l/o/loa-bluetooth-jbl-go-3_4_.png
JBL-G3,https://cdn2.cellphones.com.vn/x/media/catalog/product/l/o/loa-bluetooth-jbl-go-3_1.png
JBL-G3,https://cdn2.cellphones.com.vn/x/media/catalog/product/l/o/loa-bluetooth-jbl-go-3_5_.png
JBL-G3,https://cdn2.cellphones.com.vn/x/media/catalog/product/l/o/loa-bluetooth-jbl-go-3_1_.png
JBL-G3,https://cdn2.cellphones.com.vn/x/media/catalog/product/l/o/loa-bluetooth-jbl-go-3_2_.png
JBL-G4,https://cdn2.cellphones.com.vn/x/media/catalog/product/l/o/loa-bluetooth-jbl-go-4_9_.png
JBL-G4,https://cdn2.cellphones.com.vn/x/media/catalog/product/l/o/loa-bluetooth-jbl-go-4_10_.png
JBL-G4,https://cdn2.cellphones.com.vn/x/media/catalog/product/l/o/loa-bluetooth-jbl-go-4_13_.png
JBL-G4,https://cdn2.cellphones.com.vn/x/media/catalog/product/l/o/loa-bluetooth-jbl-go-4-_2_.png
JBL-G4,https://cdn2.cellphones.com.vn/x/media/catalog/product/l/o/loa-bluetooth-jbl-go-4-_1_.png
JBL-G4,https://cdn2.cellphones.com.vn/x/media/catalog/product/l/o/loa-bluetooth-jbl-go-4-.png
JBL-C3,https://cdn2.cellphones.com.vn/x/media/catalog/product/d/s/dsc_4620-1.jpg
JBL-C3,https://cdn2.cellphones.com.vn/x/media/catalog/product/2/1/21_13_1.jpg
JBL-C3,https://cdn2.cellphones.com.vn/x/media/catalog/product/1/1/11_71_1.jpg
JBL-C3,https://cdn2.cellphones.com.vn/x/media/catalog/product/1/2/12_53_1.jpg
JBL-C3,https://cdn2.cellphones.com.vn/insecure/rs:fill:0:0/q:100/plain/https://cellphones.com.vn/media/wysiwyg/accessories/speaker/Loa-JBL-Clip3-3.jpg
JBL-C3,https://cdn2.cellphones.com.vn/insecure/rs:fill:0:0/q:100/plain/https://cellphones.com.vn/media/wysiwyg/accessories/speaker/Loa-JBL-Clip3-4.jpg
JBL-C4,https://cdn2.cellphones.com.vn/x/media/catalog/product/j/b/jbl_clip_4_6.png
JBL-C4,https://cdn2.cellphones.com.vn/x/media/catalog/product/j/b/jbl_clip_4_14.png
JBL-C4,https://cdn2.cellphones.com.vn/x/media/catalog/product/j/b/jbl_clip_4_2.png
JBL-C4,https://cdn2.cellphones.com.vn/x/media/catalog/product/j/b/jbl_clip_4_3.png
JBL-C4,https://cdn-media.sforum.vn/storage/app/media/wp-content/uploads/2021/02/JBL-Clip4-9.jpg
JBL-C4,https://cellphones.com.vn/sforum/wp-content/uploads/2021/02/JBL-Clip4-11.jpg
JBL-C5,https://cdn2.cellphones.com.vn/x/media/catalog/product/l/o/loa-bluetooth-jbl-clip-5-_10_.png
JBL-C5,https://cdn2.cellphones.com.vn/x/media/catalog/product/l/o/loa-bluetooth-jbl-clip-5-_11_.png
JBL-C5,https://cdn2.cellphones.com.vn/x/media/catalog/product/l/o/loa-bluetooth-jbl-clip-5-ksp.png
JBL-C5,https://cdn2.cellphones.com.vn/x/media/catalog/product/l/o/loa-bluetooth-jbl-clip-5-_1_.png
JBL-C5,https://cdn2.cellphones.com.vn/insecure/rs:fill:0:0/q:100/plain/https://cellphones.com.vn/media/wysiwyg/Loa/JBL/Clip/loa-bluetooth-jbl-clip-5-1.jpg
JBL-C5,https://cdn2.cellphones.com.vn/insecure/rs:fill:0:0/q:100/plain/https://cellphones.com.vn/media/wysiwyg/Loa/JBL/loa-bluetooth-jbl-clip-5-4.jpg
JBL-Ch4, https://cdn2.cellphones.com.vn/x/media/catalog/product/6/1/61tlmjhyfdl._sl1000_.jpg
JBL-Ch4,https://cdn2.cellphones.com.vn/x/media/catalog/product/6/1/61jpckwyryl._sl1000_.jpg
JBL-Ch4,https://cdn2.cellphones.com.vn/x/media/catalog/product/6/1/61pmvjdiojl._sl1000_.jpg
JBL-Ch4,https://cdn2.cellphones.com.vn/x/media/catalog/product/l/o/loa-bluetooth-jbl-charge-4-ksp.png
JBL-Ch4,https://cdn2.cellphones.com.vn/insecure/rs:fill:0:0/q:100/plain/https://cellphones.com.vn/media/wysiwyg/Loa/JBL/Charge/loa-bluetooth-jbl-charge-4-4.jpg
JBL-Ch4,https://cdn2.cellphones.com.vn/insecure/rs:fill:0:0/q:100/plain/https://cellphones.com.vn/media/wysiwyg/Loa/JBL/Charge/loa-bluetooth-jbl-charge-4-2.jpg
JBL-Ch5,https://cdn2.cellphones.com.vn/x/media/catalog/product/j/b/jbl_charge_5_2.png
JBL-Ch5,https://cdn2.cellphones.com.vn/x/media/catalog/product/j/b/jbl_charge_5_3.png
JBL-Ch5,https://cdn2.cellphones.com.vn/x/media/catalog/product/j/b/jbl_charge_5_4.png
JBL-Ch5,https://cdn2.cellphones.com.vn/x/media/catalog/product/j/b/jbl_charge_5_5.png
JBL-Ch5,https://cdn2.cellphones.com.vn/x/media/catalog/product/l/o/loa-bluetooth-jbl-charge-5-ksp.png
JBL-Ch5,https://cdn2.cellphones.com.vn/x/media/catalog/product/l/o/loa-bluetooth-jbl-charge-5-7_1.jpg
JBL-Ch6,https://cdn2.cellphones.com.vn/x/media/catalog/product/j/b/jbl-charge-6-bl-3.png
JBL-Ch6,https://cdn2.cellphones.com.vn/x/media/catalog/product/j/b/jbl-charge-6-bl-1.png
JBL-Ch6,https://cdn2.cellphones.com.vn/x/media/catalog/product/j/b/jbl-charge-6-bl-2.png
JBL-Ch6,https://cdn2.cellphones.com.vn/x/media/catalog/product/l/o/loa-bluetooth-jbl-charge-6_5_.png?_gl=1*r1es5w*_gcl_au*MTI1ODQyODgyMC4xNzY0MDU3NTM3*_ga*MjI3MzQzMjQ0LjE3NjQwNTc1Mzc.*_ga_QLK8WFHNK9*czE3NjQ5NDQzNjckbzMkZzEkdDE3NjQ5NTIxMzkkajYwJGwwJGgxMDIzNjcyMDE4
JBL-Ch6,https://cdn2.cellphones.com.vn/x/media/catalog/product/l/o/loa-bluetooth-jbl-charge-6-4_1.png
JBL-Ch6,https://cdn2.cellphones.com.vn/x/media/catalog/product/l/o/loa-bluetooth-jbl-charge-6-1_1.png
JBL-P4,https://cdn2.cellphones.com.vn/x/media/catalog/product/j/b/jbl_pulse_4_5.png
JBL-P4,https://cdn2.cellphones.com.vn/x/media/catalog/product/j/b/jbl_pulse_4_3.png
JBL-P4,https://cdn2.cellphones.com.vn/x/media/catalog/product/j/b/jbl_pulse_4_2.png
JBL-P4,https://cdn2.cellphones.com.vn/x/media/catalog/product/j/b/jbl_pulse_4_1.png
JBL-P4,https://cdn2.cellphones.com.vn/x/media/catalog/product/j/b/jbl_pulse_4_6.png
JBL-P4,https://cdn2.cellphones.com.vn/x/media/catalog/product/j/b/jbl_pulse_4_7.png
JBL-P5,https://cdn2.cellphones.com.vn/x/media/catalog/product/2/_/2_jbl_pulse_5_3_4_left_34343_x2_1.png
JBL-P5,https://cdn2.cellphones.com.vn/x/media/catalog/product/j/b/jbl_pulse_5_top_down_x3_1.png
JBL-P5,https://cdn2.cellphones.com.vn/x/media/catalog/product/5/_/5_jbl_pulse_5_back__1_x3_1.png
JBL-P5,https://cdn2.cellphones.com.vn/x/media/catalog/product/l/o/loa-bluetooth-pulse-5_2_.png
JBL-P5,https://cdn2.cellphones.com.vn/x/media/catalog/product/l/o/loa-bluetooth-pulse-5_1_.png
JBL-P5,https://cdn2.cellphones.com.vn/x/media/catalog/product/l/o/loa-bluetooth-pulse-5_3_.png
JBL-X3,https://cdn2.cellphones.com.vn/x/media/catalog/product/l/o/loa-bluetooth-jbl-xtreme-3-ksp.png
JBL-X3,https://cdn2.cellphones.com.vn/x/media/catalog/product/l/o/loa-bluetooth-jbl-xtreme-3_1_.png
JBL-X3,https://cdn2.cellphones.com.vn/x/media/catalog/product/l/o/loa-bluetooth-jbl-xtreme-3_2_.png
JBL-X3,https://cdn2.cellphones.com.vn/insecure/rs:fill:0:0/q:100/plain/https://cellphones.com.vn/media/wysiwyg/accessories/loa/Bluetooth-JBL-Xtreme-3.jpg
JBL-X3,https://cdn2.cellphones.com.vn/insecure/rs:fill:0:0/q:100/plain/https://cellphones.com.vn/media/wysiwyg/accessories/loa/Bluetooth-JBL-Xtreme-3-2.jpg
JBL-X3,https://cdn2.cellphones.com.vn/insecure/rs:fill:0:0/q:100/plain/https://cellphones.com.vn/media/wysiwyg/accessories/loa/Bluetooth-JBL-Xtreme-3-3.jpg
JBL-X4,https://cdn2.cellphones.com.vn/x/media/catalog/product/l/o/loa-bluetooth-jbl-xtreme-4_2_.png
JBL-X4,https://cdn2.cellphones.com.vn/x/media/catalog/product/l/o/loa-bluetooth-jbl-xtreme-4_3_.png
JBL-X4,https://cdn2.cellphones.com.vn/x/media/catalog/product/l/o/loa-bluetooth-jbl-xtreme-4_7_.png
JBL-X4,https://cdn2.cellphones.com.vn/x/media/catalog/product/l/o/loa-bluetooth-jbl-xtreme-4_5_.png
JBL-X4,https://cdn2.cellphones.com.vn/x/media/catalog/product/l/o/loa-bluetooth-jbl-xtreme-4-spa.png
JBL-X4,https://cdn2.cellphones.com.vn/insecure/rs:fill:0:0/q:100/plain/https://cellphones.com.vn/media/wysiwyg/Loa/JBL/loa-bluetooth-jbl-xtreme-4-2_1.jpg
JBL-B2,https://cdn2.cellphones.com.vn/x/media/catalog/product/l/o/loa-di-dong-jbl-boombox-2-6.jpg
JBL-B2,https://cdn2.cellphones.com.vn/x/media/catalog/product/l/o/loa-di-dong-jbl-boombox-2-4.jpg
JBL-B2,https://cdn2.cellphones.com.vn/x/media/catalog/product/l/o/loa-di-dong-jbl-boombox-2-7.jpg
JBL-B2,https://cdn2.cellphones.com.vn/x/media/catalog/product/l/o/loa-di-dong-jbl-boombox-2-5.jpg
JBL-B2,https://cdn2.cellphones.com.vn/x/media/catalog/product/l/o/loa-di-dong-jbl-boombox-2-1.jpg
JBL-B2,https://cdn2.cellphones.com.vn/x/media/catalog/product/l/o/loa-jbl-boombox-2-0.png
JBL-B3,https://cdn2.cellphones.com.vn/x/media/catalog/product/j/b/jbl_boombox_3_top_down_black_33246_x2.png?_gl=1*vh2a27*_gcl_au*MTI1ODQyODgyMC4xNzY0MDU3NTM3*_ga*MjI3MzQzMjQ0LjE3NjQwNTc1Mzc.*_ga_QLK8WFHNK9*czE3NjQ5NDQzNjckbzMkZzEkdDE3NjQ5NTU2NTgkajYwJGwwJGgxMDIzNjcyMDE4
JBL-B3,https://cdn2.cellphones.com.vn/x/media/catalog/product/4/_/4_jbl_boombox_3_top_black_33253_x2.png
JBL-B3,https://cdn2.cellphones.com.vn/x/media/catalog/product/3/_/3_jbl_boombox_3_back_33206_x2.png
JBL-B3,https://cdn2.cellphones.com.vn/x/media/catalog/product/5/_/5_jbl_boombox_3_right_black_33243_x2.png
JBL-B3,https://cdn2.cellphones.com.vn/x/media/catalog/product/j/b/jbl_boombox_3_beach_1_x1_1.jpg
JBL-B3,https://cdn2.cellphones.com.vn/x/media/catalog/product/j/b/jbl_boombox_3_16mm_2_1.jpg
JBL-B4,https://cdn2.cellphones.com.vn/x/media/catalog/product/b/b/bb4.png?_gl=1*ctda4o*_gcl_au*NTM3NzU4NzMzLjE3NjIwMDc4NTE.*_ga*OTk1Nzk1MTcyLjE3NjIwMDc4NTI.*_ga_QLK8WFHNK9*czE3NjQ4MzUxMDEkbzMkZzEkdDE3NjQ4Mzg3MzEkajYwJGwwJGgyOTAwMTQzNTI..
JBL-B4,https://cdn2.cellphones.com.vn/x/media/catalog/product/b/b/bb5.png
JBL-B4,https://cdn2.cellphones.com.vn/x/media/catalog/product/b/b/bb7.png
JBL-B4,https://cdn2.cellphones.com.vn/x/media/catalog/product/b/b/bb3.png
JBL-B4,https://cdn2.cellphones.com.vn/x/media/catalog/product/l/o/loa-bluetooth-jbl-boombox-4_26_.png
JBL-B4,https://cdn2.cellphones.com.vn/x/media/catalog/product/b/b/bb1.png
JBL-P710,https://cdn2.cellphones.com.vn/x/media/catalog/product/2/5/25_1_28.jpg
JBL-P710,https://cdn2.cellphones.com.vn/x/media/catalog/product/2/4/24_43.jpg
JBL-P710,https://cdn2.cellphones.com.vn/x/media/catalog/product/2/7/27_1_25.jpg
JBL-P710,https://cdn2.cellphones.com.vn/x/media/catalog/product/2/6/26_1_28.jpg
JBL-P710,https://cdn2.cellphones.com.vn/x/media/catalog/product/l/o/loa-bluetooth-jbl-partybox-710_2_.png
JBL-P710,https://cdn2.cellphones.com.vn/x/media/catalog/product/l/o/loa-bluetooth-jbl-partybox-710_1_.png
JBL-520,https://cdn2.cellphones.com.vn/x/media/catalog/product/l/o/loa-bluetooth-jbl-partybox-520_15_.png
JBL-520,https://cdn2.cellphones.com.vn/x/media/catalog/product/l/o/loa-bluetooth-jbl-partybox-520_14_.png
JBL-520,https://cdn2.cellphones.com.vn/x/media/catalog/product/l/o/loa-bluetooth-jbl-partybox-520_12_.png
JBL-520,https://cdn2.cellphones.com.vn/x/media/catalog/product/l/o/loa-bluetooth-jbl-partybox-520_10_.png
JBL-520,https://cdn2.cellphones.com.vn/x/media/catalog/product/l/o/loa-bluetooth-jbl-partybox-520_1_.png
JBL-520,https://cdn2.cellphones.com.vn/x/media/catalog/product/l/o/loa-bluetooth-jbl-partybox-520_18_.png
JBL-A300,https://cdn2.cellphones.com.vn/x/media/catalog/product/l/o/loa-jbl-authentics-300_9_.png
JBL-A300,https://cdn2.cellphones.com.vn/x/media/catalog/product/l/o/loa-jbl-authentics-300_8_.png
JBL-A300,https://cdn2.cellphones.com.vn/x/media/catalog/product/l/o/loa-jbl-authentics-300_7_.png
JBL-A300,https://cdn2.cellphones.com.vn/x/media/catalog/product/l/o/loa-jbl-authentics-300_5_.png
JBL-A300,https://cdn2.cellphones.com.vn/x/media/catalog/product/l/o/loa-jbl-authentics-300_2_.png
JBL-A300,https://cdn2.cellphones.com.vn/x/media/catalog/product/l/o/loa-jbl-authentics-300_3_.png
HV-T931,https://cdn2.cellphones.com.vn/insecure/rs:fill:0:358/q:90/plain/https://cellphones.com.vn/media/catalog/product/t/a/tai-nghe-bluetooth-havit-tw981_4__1.png
HV-T931,https://cdn2.cellphones.com.vn/insecure/rs:fill:0:358/q:90/plain/https://cellphones.com.vn/media/catalog/product/t/a/tai-nghe-bluetooth-havit-tw981_3__1_1.png
HV-T931,https://cdn2.cellphones.com.vn/insecure/rs:fill:0:358/q:90/plain/https://cellphones.com.vn/media/catalog/product/t/a/tai-nghe-bluetooth-havit-tw981_8_.png
HV-T931,https://cdn2.cellphones.com.vn/insecure/rs:fill:0:358/q:90/plain/https://cellphones.com.vn/media/catalog/product/t/a/tai-nghe-bluetooth-havit-tw981_5_.png
HV-T931,https://cdn2.cellphones.com.vn/insecure/rs:fill:0:358/q:90/plain/https://cellphones.com.vn/media/catalog/product/t/a/tai-nghe-bluetooth-havit-tw981_10_.png
HV-T931,https://cdn2.cellphones.com.vn/insecure/rs:fill:0:358/q:90/plain/https://cellphones.com.vn/media/catalog/product/t/a/tai-nghe-bluetooth-havit-tw981-ksp.png
HV-TW888,https://cdn2.cellphones.com.vn/358x/media/catalog/product/t/a/tai-nghe-bluetooth-havit-life-04t-tw888-_4_.png
HV-TW888,https://cdn2.cellphones.com.vn/358x/media/catalog/product/t/a/tai-nghe-bluetooth-havit-life-04t-tw888_2__1.png
HV-TW888,https://cdn2.cellphones.com.vn/358x/media/catalog/product/t/a/tai-nghe-bluetooth-havit-life-04t-tw888-.png
HV-TW888,https://cdn2.cellphones.com.vn/insecure/rs:fill:0:358/q:90/plain/https://cellphones.com.vn/media/catalog/product/t/a/tai-nghe-bluetooth-havit-life-04t-tw888_1_.png
HV-TW888,https://cdn2.cellphones.com.vn/insecure/rs:fill:0:358/q:90/plain/https://cellphones.com.vn/media/catalog/product/t/a/tai-nghe-bluetooth-havit-life-04t-tw888_3_.png
HV-TW888,https://cdn2.cellphones.com.vn/insecure/rs:fill:0:358/q:90/plain/https://cellphones.com.vn/media/catalog/product/t/a/tai-nghe-bluetooth-havit-life-04t-tw888-_1_.png
HV-H619,https://cdn2.cellphones.com.vn/358x/media/catalog/product/t/a/tai-nghe-chup-tai-havit-h619bt-_1__1.png
HV-H619,https://cdn2.cellphones.com.vn/358x/media/catalog/product/t/a/tai-nghe-chup-tai-havit-h619bt-_2__1.png
HV-H619,https://cdn2.cellphones.com.vn/insecure/rs:fill:0:358/q:90/plain/https://cellphones.com.vn/media/catalog/product/t/a/tai-nghe-chup-tai-havit-h619bt-0_2_.png
HV-H619,https://cdn2.cellphones.com.vn/insecure/rs:fill:0:358/q:90/plain/https://cellphones.com.vn/media/catalog/product/t/a/tai-nghe-chup-tai-havit-h619bt-0_3_.png
HV-H619,https://cdn2.cellphones.com.vn/insecure/rs:fill:0:358/q:90/plain/https://cellphones.com.vn/media/catalog/product/t/a/tai-nghe-chup-tai-havit-h619bt-0_1_.png
HV-H02E,https://cdn2.cellphones.com.vn/insecure/rs:fill:0:358/q:90/plain/https://cellphones.com.vn/media/catalog/product/t/a/tai-nghe-co-day-havit-h2002e_18_.png
HV-H02E,https://cdn2.cellphones.com.vn/insecure/rs:fill:0:358/q:90/plain/https://cellphones.com.vn/media/catalog/product/t/a/tai-nghe-co-day-havit-h2002e_4_.png
HV-H02E,https://cdn2.cellphones.com.vn/insecure/rs:fill:0:358/q:90/plain/https://cellphones.com.vn/media/catalog/product/t/a/tai-nghe-co-day-havit-h2002e_3_.png
HV-H02E,https://cdn2.cellphones.com.vn/insecure/rs:fill:0:358/q:90/plain/https://cellphones.com.vn/media/catalog/product/t/a/tai-nghe-co-day-havit-h2002e_2_.png
HV-H02E,https://cdn2.cellphones.com.vn/insecure/rs:fill:0:358/q:90/plain/https://cellphones.com.vn/media/catalog/product/t/a/tai-nghe-co-day-havit-h2002e_12_.png
HV-H02E,https://cdn2.cellphones.com.vn/insecure/rs:fill:0:358/q:90/plain/https://cellphones.com.vn/media/catalog/product/t/a/tai-nghe-co-day-havit-h2002e_14_.png
HV-H02E,https://cdn2.cellphones.com.vn/insecure/rs:fill:0:358/q:90/plain/https://cellphones.com.vn/media/catalog/product/t/a/tai-nghe-co-day-havit-h2002e_15_.png
HV-H02E,https://cdn2.cellphones.com.vn/insecure/rs:fill:0:358/q:90/plain/https://cellphones.com.vn/media/catalog/product/t/a/tai-nghe-co-day-havit-h2002e_16_.png
